sequence,length,start,end,GCcontent
ATGGGGTTCACCTCTAATTCTAATAAGGCTAGATAA,36,59,95,36.1
ATGCTATGCGGGATACAGAGATGCCTGTGCCTCTAA,36,4751,4787,50.0
ATGCAGCATGATATTCTTTCTCAAAATAAAGGCTAG,36,7945,7981,33.3
ATGGCTATGAGTAGAACAGCTTTCAGTGGACACTGA,36,17183,17219,44.4
ATGAGTGTCCTGACAGCATATAAGATTTAATTTTGA,36,28409,28445,30.6
ATGATTACTTTTGTACCAACTTCATATATTTTTTAA,36,29525,29561,19.4
ATGGCAGATTGAATGATTATCCTACAGATTATCTAA,36,29925,29961,30.6
ATGGGCCCAGTGCCAAGGGCTGGATGTGAATTCTGA,36,35018,35054,55.6
ATGAAGGTGTAAAGAAGTCGGAATGAAAGCCACTAG,36,35438,35474,41.7
ATGGGTGGGAGCTACTGCAGGAATCCAGGACTCTGA,36,41969,42005,55.6
ATGATTTCCGAGTTTTGGGGTGGTCAGATTCATTGA,36,42138,42174,41.7
ATGACAGGTGGGCAGCTTGGAAGAAGACAGAACTGA,36,47073,47109,50.0
ATGCTCACAAACTCGCAGTGGAGGATCAGGAGATGA,36,54137,54173,50.0
ATGTAGGAAAGTGTGTGCCACAGCCACACATGTTCATGA,39,4652,4691,46.2
ATGAAAAAACAGAGAGAAGAATCCAGCCGCCTCATATAA,39,6079,6118,38.5
ATGTTATTTTTAATCAAAATGTTATTTACATGGCACTGA,39,6136,6175,23.1
ATGCATGGGTATGGAATTCCACTTACAACCCATCATTAA,39,6605,6644,38.5
ATGTCAAACAAGATACCCAGTGTTACCTGAGAAGGCTAG,39,6692,6731,43.6
ATGCACCAAGAAGCACAGTGCCTAGAACACAAGGGTTGA,39,22295,22334,48.7
ATGTGCCTCAGGGAGGTATTGATTTATTTTTGGTTATAA,39,22797,22836,33.3
ATGAACTTTCAGCTCTGCTGCCTCTCGATGCCCATCTAG,39,23736,23775,51.3
ATGAACATACAATAAGTTATTTATTTTCTTGCTTGCTAA,39,25915,25954,23.1
ATGCAAACATTAGCTGGGTGTGGTGGTGCACGCCTGTAG,39,26604,26643,53.8
ATGGTGAAACCCCGTCTCTACTAAAAATACAAAAATTAG,39,26954,26993,33.3
ATGGTAACAAGGGACGGGACCAAGCAGGGCTTAGCCTGA,39,34920,34959,56.4
ATGGCTGAAACCTTCCACCGGAGGCAAGTTTGGCTCTGA,39,43938,43977,53.8
ATGGAATGCAGGGAAATAGTTTACTTTACCAAAGGCTAA,39,57450,57489,35.9
ATGGTGGTATAATTGATAGTGATTACTGGGGAGAGTTAA,39,58694,58733,35.9
ATGCCAAGGCCTCCTTTAGTACATCCCATGGAGGACACTTGA,42,1874,1916,50.0
ATGATGGTGCATGCCTGTAGTCACACCTACTCAGGAGGCTGA,42,2975,3017,52.4
ATGGGAAGAGGGGGCAGGTAGCTTTCTTTGTGTAGTGTTTAG,42,5155,5197,47.6
ATGTCCAGAATAGGATGTTCTAAAGAGACTGAGAATGGATAA,42,6255,6297,35.7
ATGTCCACTCAAAGTAAGATAAACCAGCGCATTGTAATGTAA,42,6552,6594,35.7
ATGGTGGCATGCGCCTGTAATCCCAGCTACTTAGGAGGATGA,42,8969,9011,52.4
ATGGGGCTAATGATAGTTTCCACCTCTTGGTGGTTCTGTTAG,42,11127,11169,45.2
ATGGTGGTGCTCACCTGTAGTCCCAGCTACTCAGGAGACTGA,42,12409,12451,54.8
ATGTGTGTCAGATTTTTCATTTTCTAAACAAGTTTACTGTGA,42,25350,25392,28.6
ATGCTGTACATATTATATAATATGTATATGTTACATATTTAA,42,29583,29625,16.7
ATGAAATATATATTTAATATATAATATGTATCTTATATATAA,42,29656,29698,7.1
ATGTGATAATAAAAAAAATAAAAAAATAATAAAAATAAATAA,42,29859,29901,4.8
ATGCCTCATATTAATGGATTGGGGAATATAAATTATTTCTGA,42,38169,38211,28.6
ATGCAGACAGCACAATTCCATTTCTGGATCTGATCCTTCTGA,42,40274,40316,42.9
ATGCACTCAGCAGACCCCAGCTAAAGCCCCCGTCAAAAGTGA,42,48308,48350,54.8
ATGCGGATGAATGGATTACAACACGTTCAAGCCTTACAATGA,42,58637,58679,40.5
ATGACCCAACTGTTCAGTTTTGCAACATCCAGCATGGCTGCCTGA,45,1758,1803,48.9
ATGTCCACGGTTCTTCCCAGCACAGGTCATGTGGGTGAGGGATGA,45,13647,13692,55.6
ATGACAGAGATTCGTCACTTGAGCAAACTTGAGGCAGGCTCCTGA,45,14047,14092,48.9
ATGAAATACAGGATGTCCAGTGTAATTTAAATTTCAGATGAATGA,45,19935,19980,28.9
ATGCTCAGCTCCACGGGCCACGGTAGGTGCTCAATAAAAGCATAA,45,22515,22560,51.1
ATGTTATATATTATATATGAAGTAAATATATATCTAATTAAATAA,45,29052,29097,8.9
ATGGTTTATTCCCTTCTGATGCATGTGGTCTAAGACCTTTTTTAA,45,30003,30048,35.6
ATGTGATGATAGAGGCAGAGATTGGAGTGATGTGGCCATCTGTGA,45,40003,40048,46.7
ATGATGTGCTAAGGGTGGGGAAGAACCTACCAGGCAGAGGCATGA,45,41711,41756,53.3
ATGCCAGGGCAGGCAGGAGACCAGGCTGTCCCTGGGACATGCTGA,45,42198,42243,64.4
ATGAGGATGGAATTGACCACATGCCAGGCAGGTTGCTGCTGCTGA,45,42658,42703,53.3
ATGAGCTGGCAGCAGAGGCTGTCCCTTTGTTTCCAATCTCTATAG,45,45676,45721,48.9
ATGTGCCTGCTGTGCCACCCTGGGCACATTTATCACCCTCTCTGA,45,47263,47308,55.6
ATGTGCTAATTTTACTTGTAATAATTTACAAGTAAAAATTTTTAA,45,49935,49980,15.6
ATGGTCAAATACCTAGCGTTTCGTAAGTTTAAATTAAACACCTAA,45,50685,50730,31.1
ATGGTTATGTTGGGGATGATGTGGGACATGTTTCTTGAAGTTTGA,45,53120,53165,40.0
ATGCAGGTGACTGCATGTGCACGAGCTTGTTGAGTTTTAATTTAA,45,53203,53248,40.0
ATGAATTACATTTCAATAAAGCCTTTTAAATAAATCATGCATGGGTAA,48,6503,6551,25.0
ATGCCACTCCCTGGCTTGAAATGCAACAAGGGCTCCCTGTTGCTCTGA,48,11260,11308,54.2
ATGCCCACACTTCCCTATGAAATCCAGTTTTACCAAGAGCCCTGCTAA,48,14113,14161,45.8
ATGAATGAATGGTGCCTGTCTCCTAATCTGTCCAGAAACTCAGAATAA,48,19980,20028,39.6
ATGCCGGACATCAGGCTCTGGTCCTCTGGTTTGCTATCTGCCTGGTGA,48,20394,20442,56.3
ATGTAAATGATTAAGCCGATGAACAGTTTTATTTCCTCCAGCAGCTGA,48,20863,20911,37.5
ATGCCCAGTCCCCTGTCCATCCCCTGCCCTCACCCTGAGACTTGCTGA,48,21497,21545,62.5
ATGTGCCAGCACCACTAGCAGAAGAAAAACTCAGTAAACAGTCATTGA,48,26330,26378,41.7
ATGTAATTTTGCTTCAGAATATCTCAACGTATGGAAGGCATCTTTTAA,48,28449,28497,31.3
ATGGGACAAAAATAAAAGATGTACAAGTTTGCTGTATCTAAAATTTAA,48,28541,28589,25.0
ATGAAGAGCGAGGAGCGGGAGTTTGCACAATTGCCTCATAGAATCTAG,48,33606,33654,47.9
ATGCCCCAGCAGAGACCCATCCACATGGGGTCTTGTGGGCCACACTAA,48,41764,41812,58.3
ATGCTCCACACGCTGGCAAGCCCGGAAGCAGCGCATCTTCCGAGCTAG,48,47656,47704,62.5
ATGTGAGGTATAGATAGTATTGAAATAAGTAGGTATTCAGCTACCTAG,48,50750,50798,33.3
ATGCGTGTTTCTAGTGCCGCATCTCCAAGAGTCCTTGTTCAGAGATGA,48,56077,56125,47.9
ATGTCAGAGGAGCCTTCAGCTGGGAAGTGCTGACAAATGACCCAGACCTGA,51,1815,1866,52.9
ATGCAGATGAGATGCAAAAGGTGGAGCAGCCATGTTGTCATCAGGCAGTAA,51,2452,2503,47.1
ATGTAGAGTCAAAGGGCTAAACAGAAACATAACACATGGGTTTTAAGCTAA,51,3154,3205,35.3
ATGATCTTAGACCATTGACATCACCTCCCTGACCGTGATTTTCACATCTAG,51,4082,4133,43.1
ATGGGAGGGGAAGAACCATGCCTTGGGGGCCAGGCTGAGGATGAACTATGA,51,4136,4187,56.9
ATGGTGCTGAGTGTAAGAACCAAACAGGAAAGGCCACGTGTTGTTCATTGA,51,6198,6249,45.1
ATGAAAAAAACAGAGAGAAGAATCCAGCTGCCTCATGTAATTTCTTTTTAA,51,6823,6874,31.4
ATGGGGCTTGGGGAGGTGGATAAATTACTGTTCCTAATGTTTTTAGTGTGA,51,7365,7416,41.2
ATGGAGCTTTCAGACTCTTGATGAAAAAAAAAAAAAAAAAAAAACCTCTGA,51,10727,10778,27.5
ATGGCTGCACTGCTGGCTTCCTGCAGCCTCCCACTCCGAACAGGACTTTGA,51,13995,14046,58.8
ATGGGTTTCTTTGACAGATGGGACTCCTTGGCCCGCACTGCTCAGCACTGA,51,14473,14524,54.9
ATGCAAATTTCCTGCTGTGCAGAGAGCAAGAAAGTACAGCACCTTGTTTAG,51,17667,17718,43.1
ATGATTAGGGACTTTAATGATGCTTACAAAAGCCCTGCCCCTTTGCCATAG,51,19060,19111,43.1
ATGTTCTCGGCACTTCATGTTATAATTATCTGCTGTGGTCCCTCTGCATGA,51,22209,22260,43.1
ATGCCTACCTGGAACCTAGAATGTGAGGTCTTTGCAGAGGTCATTAGTTAA,51,37002,37053,43.1
ATGCAATGAGGTGGACACCAGAGGCGGGGACTTGTAAATAACACTGGGCTGTAG,54,0,54,51.9
ATGAAGAAAAGATAAATGGTCAAGGGAATGGATATCCTAATTACCCTGATTTGA,54,270,324,33.3
ATGAGGCCCACTATCAGTGAAACTGATTGAAATTGGTGTACATCTGAGACCTGA,54,4231,4285,42.6
ATGAGGTGATGATGATGATGACGATGATGATGGTATCAGTACTGGCTAATATAA,54,7070,7124,37.0
ATGCTCTGAGGCATCCATGTAGATATAACACAGCTATTTTCAGAGAAGGAATGA,54,8003,8057,38.9
ATGTCCTCGGGCAAGTTACTTAACTGCTCTGTGCTTCAATTGCTGCTTCCATAA,54,11072,11126,44.4
ATGTGCCAGGGTTTAGACTATACATTTTCAGGTGTCTTTTCCCAATTTTCATAA,54,38428,38482,35.2
ATGGGGGAAGTGCAGCAGATACAGCAGGTACAGGGATCTCGAGCCTTGCAGTGA,54,42015,42069,55.6
ATGTTTCCATCAGCAGCCAGTGAACCTGGCAGGAATATGATGGATGGGAACTGA,54,46240,46294,48.1
ATGTGGGCTACTTCAAGGCACTTTTGTGCCAGTGTCCTGTGGACCCTTCCTTAG,54,51873,51927,51.9
ATGCCTTGAGATGGGAGGAAGTCCAAGACCCCCACTCCAGATGGGGGACGTTGA,54,52033,52087,57.4
ATGAGAGGAAATGGCTCAGACCTGTTAACTGGGTGGCTTTTCTACAACGGCTGA,54,54709,54763,48.1
ATGCCAGGCCTATGTCTTGACTGATCAAGCTCAAAGCTGTCAGCCTATTGCTGA,54,57238,57292,48.1
ATGAATCAAAATATCACACATACCTTCAAACTATGTACAAATATTATATACCAATAA,57,342,399,22.8
ATGAGGCCAGGTTCTTTTCCTATTCTTCAACCAAAACAATGTATTGCAACAGATTGA,57,6766,6823,36.8
ATGTGTAATTGAAAAAACATTAATATTAATTATATATATATATGTGTACGTATATAA,57,7674,7731,14.0
ATGAGTGAGTCCCTGCCTTCAGGAAATGTCTGGTCTGGTGTGAGAACAGGCGCGTAG,57,15739,15796,54.4
ATGGCAGGCCAGGCGCGGTGGCTCATGCCTGTAATCCCAACACTTTGGGAGGCCTAG,57,29193,29250,61.4
ATGTGCCAAATGGTTTCTCAATCTGAGCCATTTAACCCCCACAGCAGCCCTGGAAAGTAA,60,7137,7197,46.7
ATGTCCCTTGGCCAACTTGCCCCAGTCCTTCAGGACTCCTGTGAGTGTCACCTCTCCTGA,60,11526,11586,56.7
ATGGGTCATGGGGCTGTGGGCTGCATGCTATGGGCTGTGGGCTGCTTGCCAGGCACTTAG,60,15664,15724,61.7
ATGGTTACGGTCTAACAGAGAGGAGTCAGTTTAAGATGTCAACAATTTCTAGCATACTAA,60,28824,28884,36.7
ATGATAAAGAATAGGGTCCCACTAGTGTGGGATTCTGTCTCCATGGAGGAACTGAGATGA,60,31533,31593,45.0
ATGGTGGCACACACCTGTGGTCCTAGCTACACGGGAGGCCGAGGTGGGAGGATTGCTTGA,60,37206,37266,60.0
ATGTGATAGCCAGAGGGGTCACTTTCCCGATCACAGAGCCTCACCTCATCATTAACATAG,60,43028,43088,48.3
ATGAATCTCCCTCTTGCTGTCTGTATCTATGTGCTTCTTTCTGTTAAGGTTCTGCCATGA,60,45146,45206,41.7
ATGCAGCCCCCTGCCCGAGGCAGCCCTTTCTAAACTATCTACCTTCAGAGCCTTTCATAA,60,48638,48698,51.7
ATGATTTTATTAACAAACATTGCGATTTTATTAAGCAGTCCAAGAACTTTCCTAGCTTGA,60,51244,51304,30.0
ATGGTATTTTTAATCAAAATGTTATTTACATTAGCAATAATAATTTTTTTTAAAAAAGAATGA,63,6881,6944,14.3
ATGCTGCCTGGCTCACCAGAGGTGCTGAGTCCCTGGTTATGGAGCAGATGGATGGGTGTGTGA,63,11949,12012,57.1
ATGGTCTGGTAGACTCTACCTTGACCCCTGGTTTCGGCAATGATCTTGTCCACTAGTGAATGA,63,25417,25480,47.6
ATGAGCTAAAATAATGGAAGTACGTGTTTAACGAAAAAGCACAGAATTTCCACTGGCCATTAA,63,25991,26054,34.9
ATGTCTACCAACTCTTGGTCAGTAGCAAATGGTCTTACTACCTGGATGCCCCAATGGCAATGA,63,58384,58447,46.0
ATGTTTAATAGTACAGTATGGTGACTATAGTCAACAATAATTTATTGTACATTTTTAAATAGCTAG,66,178,244,24.2
ATGAAAGAAAACAGGGTCATGAGCTGGAGAGCAAGCAGAAGAGGAGGGTGCACGTGGATACTTTAA,66,16380,16446,47.0
ATGGTGAAACCCTGTCTCTACTAAAAATATAAAAAATTAGCTGGGTGTGGTGGCAGGAGCCTGTAA,66,29297,29363,40.9
ATGACAGCCCAGCCCAGGGTCACTGAAAGATACCAGGAGTTGATAAGGTGGTTGGCACAGGGTTGA,66,31427,31493,53.0
ATGAGGCAGAGATGGGAGCAATACAGCCACAAGCCAAGGAACAAGAAAGATTGCCAGGAGCCATGA,66,37460,37526,50.0
ATGTTCTGGTCTGCCTGGAGCTGTGGTCCTTGGGTTCACAGCGGCCCCTTTGCACTCAAAGCACCCTAG,69,5270,5339,58.0
ATGAGGACTACTGCAAATTCAGTTAAAAGGTTCCACACTGAGGCTGGGAGCAGTGGCTCACGCCTGTAA,69,26814,26883,49.3
ATGAATTTTCTCTTGTAAAGGTATCTGAATGGAGCCAAAAAACCAACATCTGGAAGTGCATTTGGGTGA,69,28644,28713,37.7
ATGCAAGCTACATAACTACAATTCAGCTTACTACAGAAAAGCCACTGCAGGAATTCACAGATGGCTTGA,69,38033,38102,40.6
ATGCCATCGAAAACAAAGTGTTCTTTTTAAAGGTTTTCATGGGAGGTGTTTCCTTTCCCCGAGTTTTAG,69,44988,45057,39.1
ATGGTTCTGTTGGGGATGATGTGGGACATGTTTCTTGAAGTTCTCCTTTTCGGGTGGGCTCAGAGGTGA,69,49138,49207,49.3
ATGCTGTCACTAGAAAACGCTACGACTTTCGCTGGGGAGAGAAAGAGAGCACGGCTTTTAACAGGCTAA,69,57608,57677,47.8
ATGGCTTTCAGCATTAGACAGAGCCCCCCTGGGCTCTGTAACCCCACCCAGGGTGTTAAGAATGAGGAGTGA,72,5798,5870,54.2
ATGGTCACCGTCTTCTGAAGGGCTGTAGGATCGAAAGTCACAGGCGCACCGGCAGCAGAGCAGCATGGCTAA,72,10937,11009,56.9
ATGGTGGCTTCCTTCCTCAAGGCCAGCAGAAGAGAGAGCCTGGGACTCTGGCCCCGGAGGGCCCTCACCTGA,72,18937,19009,63.9
ATGATTCCAGTGATCCATCTGCGCTGGAAGTGGGGCAGCTTTTCCTCCTTTGCACGTTACCGCCCATATTAA,72,20783,20855,50.0
ATGGTGTAAATGCTCCCAGCTGGGCCAATTTAAGCCACTATCTGTGTAACAACCTGTTCACAAAATTCCTGA,72,21660,21732,43.1
ATGTTGAAGACAAAGCTTGCAAACAGGAAGACATTAAATATACCCCTTACAAGTGAGGGAGGGATGAGATAA,72,28329,28401,38.9
ATGTGACTTCTGGCAAAGCTCTTAAGGAGAGGACTGACCTGTTTCCACATATCTTTTTCCTTTCCGTGTCCTTAG,75,2366,2441,44.0
ATGAGAGGGCAACATGGATCTCCATTTCTGAGCAGATGTTTAAACGCTGAATCAGGTCCAAGGCTTCCCAAATGA,75,3456,3531,45.3
ATGGCTCCCCAGTGCCTGGACCGTGGAGGCTGAGCTCAGTCCCCGTGGTCACGCCGCCTCTCCCCTGCAGCCTAG,75,33958,34033,69.3
ATGCTGGGGAAATGACAGGTCATTGCCTCCAGTTTTATTTGTTGGGAAAATGGAGGAAAGTGCTACAGATTGTGA,75,36200,36275,42.7
ATGGAGTTGAAGACTTGCCTGGTTGGTTCTCAGCTCACCCTCTATGCATCCCTTACTCTTCCCTGTGTGTGCTAA,75,38728,38803,49.3
ATGGACAGCCCATGCACATGCTAGCTGGACCAGGAGGGAGGATGGGAGGAGGGAAAGTGGTACTCCGGGCCCTGA,75,39030,39105,61.3
ATGACACTGTTGGGTGCAGCTCCTTTTCTTTCATACAGAAGACTGCTAAAAACAATTGGAAACCTACCAGGCTGA,75,45273,45348,42.7
ATGGGAGTTGACATGTGAGAGAGACATTCTCTCCCTGTGTGCCCCAGCCTTGCACTGCTAGGGGGAAAGAAATGA,75,54506,54581,52.0
ATGACCAAGCTCTGCCAAATTCCCTGCAGAGACTCCAGCAGAGGAGCTGGGCAGAGGCTGGACGTGTCAGCGTGA,75,54775,54850,58.7
ATGCTGTTGGGAACTGGGTGCCTACTGCATGCTTGTTTTGTCCTGGTTGCAAGCATGGATCACCTTGCTGGGTGA,75,56206,56281,52.0
ATGGAGAGATTTTAATTTAAAGGGGCACAATAAAGAAAACCCTTCTGGGTGCTCGGAGTCTCAGGAAGGAGGCGCTGA,78,20923,21001,46.2
ATGTCCTGGACTAGGAGCCACCAGGGCTGGGCAGGTGGCCTTGTAAGAGTCTCACTCACGTCTGTTCTGCACAGGTGA,78,40422,40500,57.7
ATGTATGCATGGATTCTGGGCCTTGGGGTGAGCGCGGGAGAACCACTGAGCCTGTTTGCAAAGGATGGGGCCACCTAA,78,54870,54948,56.4
ATGTGTGTGTGTGTATGTATATTTTCATATTTAAAACCAGACATCATTAATGCAAAGATAAATGCACCAATCAGAAAGTGA,81,7740,7821,29.6
ATGCCATCACAGAGGTCTTTGTAAGAGGCAGACGGGAGGGTCAGAGGCAGAGGGGGAGACAGAAGGAGGAAGCAGCGGTGA,81,16008,16089,58.0
ATGAATGAATGAATGATACCCATCTCCTAATCTGTTCAGAAACTCCGAATAATGATTTCTAGATTCCAAGGTCTAGTCTGA,81,18540,18621,35.8
ATGGAGTGAGGCAGAGGACCATGTTCCCTCTCTTTTGAACCCACACTTACAGGGGCCCTGCATTCCACAGGCCGGGGCTGA,81,34348,34429,58.0
ATGGTTTCTGACATCATGAAAGCCTTTATCAGAATGGATGGGGGATCAACAGTGGGTCCCCCAGTGGCTGTGGTCAGCTGA,81,54180,54261,50.6
ATGTGCCAAGCCAAGAGTTTATATTTGCAAGCCTCTCTTATACCTAGAGTTGATCGTGACACAGCTCTGGCCAATGATGTGTAA,84,2268,2352,42.9
ATGGCAAGAGAACCTTTCCTCTTCCCCAAATGGATATTAGGTCCTTCTCTGGGACAGAGGACGAGGGTGTGGCCACAGCTCTAG,84,17732,17816,52.4
ATGAGCACCTGGAGGTGACACTGATATTTCTCAACCAGCTTGTGTTTCCAGAAAGGTGCCCTCCACTTTCCTGGCCTGGTCTAA,84,18264,18348,50.0
ATGGGGGAGATCACAGGCAGGGGGGTCACAGGGGCTGGCCTCCCAGGGGCTCGGCCTCCCAGGGGCTCAGCCTCCCAGGCCTGA,84,30456,30540,72.6
ATGCCTCCTGGTTTCTATCCAACTGCTGGGCCCCTAAGGTCCTCTCCTTCATGCTCTTTTTTTTTTTTTTTTTTTGAATCCTGA,84,39360,39444,41.7
ATGTCAGGAGTCCGCTTTGGATGAAGCGGGGAAGGACCCTTTCCCCGAACCTTCAGAGGGAGTATGGCCCTGCCGATGCCTTGA,84,40051,40135,58.3
ATGCAAGGAGGGCGTCACCCGGGGCTGGGACCCATCAGGGCATGGGTGCCCAGGGCGGGTTCTGGCATTTGGAAGGGACGGTGA,84,53395,53479,66.7
ATGGTGGCGGGTGCCTGTAGTTCCAGCTATCGGGAGGCTGAGGCAGGAGAATGGTGTGAACCCAGGAGGTGGAGCTTGCAGTGA,84,57887,57971,59.5
ATGATAGTAGCACTGGACTTACATTGTTATCAGATGAATTTGCTCAGCTGCATACTGTTGTGTTGCAACATGGAATGGCATTAG,84,59688,59772,39.3
ATGCATTTCACATTTGTGATCTCATTTAACCTCCACAAAGACCCAGAAGGGTTGGTAACATTATCATACCTAGGCCTACTATTTTAA,87,1541,1628,36.8
ATGCAGCCCGGGCACTGAAGTGGAGGCTGGCCACGGAGAGAGCCAGGCAATCACTGGCTTTTCCTTAGACAGAGAGCTGGTTCCTAG,87,1641,1728,58.6
ATGTTACTCAGAAGAACACAATTTTGTTGTTTTGTTTTTGTTTCTGGGTTTTGGTTGTTTTTTTTGTTTTTTTTTTTGGGGAATTAA,87,3954,4041,26.4
ATGAAAGAATGGAATCTGCCCAGGCTGCAAACACGGCTTCAGGGGAGTGGGAGCCCATTGGTGGAAAACCCCAGAAGCGCTGCTTGA,87,22349,22436,55.2
ATGTGGGGACATGGCCTTCTCCTGGAGGCAGCAGAGATATTTCACACCCAGAGCCTTCATCTCCAGGGAGACTCGGGCACTCTGTGA,87,22874,22961,56.3
ATGTATGGTGCTTTTTCAAGTGGAGAAGTCAAGCAAGCAGCTGGATGTGTGAGACCAGAGCCACAGGGAGGAGAGAGACATTTGTGA,87,42250,42337,48.3
ATGTCCTCTGAGCCTGGGAGTGCCCACTGGCCCAGCTCAGACTGTAGTGGGTGGCTGGGACATCACAGTTGCAGGGTGACTTGCTGA,87,51929,52016,59.8
ATGCAGTGTGTGGCACCAGAAGGTCAGAGCATGGTTTTTCATTTAGATCAAATGCTGCTCTTCTACTCTCAGCTCACACTTGGCAGCTAA,90,26198,26288,45.6
ATGCCCAGGAGCACCAGGCTCTGCTGAGAAGATTCTGACCTTGGTAGTCAAGGCGGCTGTCATGGTGTACCGATCCTACAGAGAGATTAA,90,35811,35901,52.2
ATGGAAATGCATGCCTGTTTTGGGGTGATTGTTTGGTTACCTGGGAGCCCTTGTTTTCAGAAGGGGAGTGAGACTGCCTGGGGATCCTAG,90,45770,45860,51.1
ATGCCTGTAATCCCAGCACTTTGGGAGGCCGAAGCCAGTGGATCACTTGAGTTCAGGAATTCCAGACCAGCCTGGCCAACATGTCTCTACTAA,93,12295,12388,51.6
ATGGGCACCCCGAGCTCCTGCAGGGACAGGACATGGGTGTCTGAGCCAGCTGTCTATGGTGTGAAACAAATCACTACAGATTTAGAGGCTTAA,93,18664,18757,51.6
ATGGAAGGTGCTTGCTTACTGCTTATGAGTTGATATGTCAAGATAGAAACTGGTTGCTTCAAGAGAAATGTAAGCTGGAAAAGGAAAACGTGA,93,57117,57210,38.7
ATGGTGACTCACGCCTGTAATCTCAGCACTTTGGAAGCCCAGGCAGGTGGATCACCTGAGGTCAGGAGTTCAAGACCAGCCTGGCCAACGTGGTGA,96,2841,2937,56.3
ATGAATGTGTCTGTTGAGTGGGGTCCAGACAATGAGGTCAGAGGCGAGCTCCCGAAACACTCCAGGAAGCAGCACCTCGGGTGTCCAAGCTTCTGA,96,10820,10916,55.2
ATGTCATGCTGCTATTATGGGCGGTTTTGCCCAGCCTGTGAGACAGGCAGAGGCTCTTCCCTTGATCTACACAAGAGATGGCACCTGTTTGTTTAA,96,39645,39741,49.0
ATGGTTAATTGGGAATAAAGAGGTTTGGGGAAAACAATACTGGGAAGATATCTGGATCCTGGCGCACACCACCATTATCACTGTTCTCCATGCTGA,96,58452,58548,43.8
ATGTAGCAAGCATTTATTGCACATGATCCTAGGTCCCAAGTATGCTTCGGTAAATTAAACACCCTTGGTCCCTGCCCTCACAAGCCGTTCATAATCTAG,99,4319,4418,44.4
ATGAGTAGACAGCTTTTTTCATTGTAGTTAAATATCGTAAGTAGCAAGTTCATTCTGGAAACATATTACATACAAAAACTGTATAGTGGTTCACAGTGA,99,12193,12292,31.3
ATGGCTGTGGCCCTGGCCCCAGGGATCCATGCACAGGAGGGCACATGGCCTATGTTGGCTCCACTCGAGGGACCTCTCACCACCTTCTGGGAGGGGTGA,99,36714,36813,63.6
ATGGGTCATGGGCCGAACACGTCACTTGAGACCCTCCAGGTTGTGAGCTGTGCCCACCTCACATGGTGCTTCCAATCCTCTTCCTTGCTTGCACTGTAA,99,43802,43901,54.5
ATGCATGCCATTTTTCGGCTGCAAGGACCGGGCTGGGAGCTTGTGGACTTCCCATATCCTGGGATGGGAACTCCCCTGGTTCTCCCTTTTGGCCATTGA,99,56891,56990,55.6
ATGATGTCTTTTTGATTATGACTTGGATCCTGAGTTCCCCTAGAACTCACTGGTTCTGACGAAGGAAGCGGTGGGAGCACCAGCTGGCTGAATTGGTAG,99,58241,58340,48.5
ATGATGATAATAATAATAATAGACTAGGCACAGTGGTTTACACCTGTATTCCCAGCACTTTGGGAGGCCGAGGCAGGCAGATCACTTGAGGTCAGGAGTTGA,102,8490,8592,45.1
ATGTTAGGACTCTATTGAAAAGAAACTCCTTTAGAAAAATTTCAATGGATTCACCAATATATTAAAACCAACTTACCAGTCTCTCTCTATATTTATATATAA,102,28947,29049,26.5
ATGTACTACATATCCCTTCAATCTAAATTACCAAAGTTTATAAACATTGAATTCCTATTGATGAAGAAGCAAATATTTAGCTCCTTACTGCTAAGACCATGA,102,38222,38324,30.4
ATGAGGAACATAGTATCTGTCTATTTCAGCTCAGGAACTAGGTTTAGAGTAGTTAAAAAAAACTTTCCCAAGATCACACGACTGGGTAGTGTTTCAATGTGA,102,38489,38591,37.3
ATGTTACTATAATTAGATATGTATACATACAGAGATTCCAAATTATGTTCCTGTGCATTTGTTAACTGCAAAACCAGAGCTGCCTGTTGTTCTCCTATGTGA,102,43318,43420,34.3
ATGTGCCAAACGTACAGGTTTGTTACATAAGCATACAAGTTCCATGGTGGTTTGAAGCACCTATCAACCCATCATCTAGGTTTTAAGCCCCACATGCATTAG,102,49998,50100,42.2
ATGGCTGCTGTTTCCACTAGAGGGCTCAGGCTCGTGCAGGTGTCCCTGTCTTCCCAGGAGGGCAAGGCTACCTGGTCGGCACAGCTCTGCTACCTGTTGTGA,102,53645,53747,59.8
ATGCCAAACAACTTGTTACAAAAAGAGCGAGGGTCCCAGACCGCACCAAAACTTCATGAGACCTCTCCTTGTCTGTGCAAGGAAGAGTGGCCAACTCTGTAG,102,56525,56627,49.0
ATGCTGGGGAGGAAGGAAGACATTTCACTTATTGAGTGGCCTGATGCAGAACAGAGACCCAGCTGGTTCACTCTAGTTCGGACTAAAACTCACCCCTGTCTATAA,105,1419,1524,47.6
ATGCAAGTTAGTTTGCTAGTTCCTGGGTGGCATGGTGGATTCATGGGAGTGCCTTGTGTTGTTAAAAATAAAGAAACTAGGCCTGGTTTGGTGGCTCATGCCTGA,105,8090,8195,45.7
ATGAGGTCATACTAGAATAGGGTGAGCTATATGTGCAATATGACTGGAGTCCTTATGAGAATAAAAAGAACCTCAAAGAGGCTCACTGTAAAGACGGCCATGTGA,105,37352,37457,41.0
ATGTCATTGCAGCCTCCATGGTATGGATGGTGAGGACTTGGCAAACTAGCAGAAAAGCCTCATAAAATGTCTATCCTAGCCAGGCATAGTGGCTCATGCCTGTAA,105,40752,40857,46.7
ATGAATTCTGCCATTTTTCTGTCGACAGAAGATGATTCAACTTTGAAAAACATGAAAGCAAACCCCTCCAGGGGTAGTACTTACTTGACCTTGAATGGGTACTAG,105,43492,43597,40.0
ATGCTCTCCCTCCCCTTTGCCCCCACCCTCCGAAAGGCCCTGTTGTGTGATGTTCTCCTCCCTGTGTCCATGTGTTCTCATAGTTCAACTCTCACTTTTGAGTGA,105,50112,50217,52.4
ATGGTTTGGGATTGCACATGTCCTCTGGAGACTGCCTGGTCCCACTGCTGTTTTCAGTTACTGAACACTAGGTTGAGGCACAAGGGCACAGAGCAGCCTAGACACTAG,108,12873,12981,51.9
ATGGCTTTGAGTTTTCTATCAAATGTGAGAAAGTCAGCTGCACTGGTTGACCACCTCAAAAATGCAAATTGGTGTAATTTCAGTCAATACATGCGCACTGGGCATTAA,108,17557,17665,39.8
ATGCAGGTGGCACCCAGTGGTCACCTGGACGTGGATTCTGGAGTCAGACACATCCAGGTTCCAGCCTCCACTCTGCACATAGTAGCTGCGTGGCCTGGGCTGAGTTAG,108,23157,23265,58.3
ATGCTTTTTCATTTCTACCAAACCATGCTTCATCGCTACAGGTTTAAAAGGACAAAAGGCCCAAAGTGGTTACAGCCTGGCCTAAGGTCACAAGGAGGGTCGGGGTAG,108,38612,38720,47.2
ATGGAAAGATTTTAAGGAGGAAAGCGATGGATTTGGTTTACACTAAAAACAAAGAAGCCAAACAGAAGCCACTCTGGCTCCTTGTCGAGAGCAGGCTCTGAGGCATGA,108,41847,41955,44.4
ATGGGGTGATTTAAAACCATGGGGTTGGATGATGAAGTTAGAATGGGTGGAGATAGAGATGAGAAGGAGTCAGGAGGGAGATGGGGTGCTCTGATCTCTAAAGACTGA,108,42348,42456,46.3
ATGGCACCCACCCAACCCAGGCTGCCTCTCTGCCTGGAAGGCCCCTCCCCCTCCCCCAGGGCCTTGTTCCTCCCCACTCCACATCCGAAAGCAAAACCATCCCAAATGTAG,111,19374,19485,62.2
ATGTGAGTCGGCAGCCCTCCTTCACTGTAATTAGTTACTAATGACATGACGATTATGAGTCCCTGGGAAACGTCGTTTCACAAACTGAATGTTAGACACCCTGCATGGTAA,111,32112,32223,44.1
ATGAGATGTGGAGGGTCAGGACAATGTGGTCTGGGCTGTACCTCTTGTACCTGTTGGCATCCTAGACCCCAGGAGCTCAGAAAGTGGTATATTTGCAGACTGCATCTGTAA,111,41255,41366,49.5
ATGCAGTGTTTGGTTTTCTGTTCTTGTGTTAGTTTGCTGAGAATGATGGTTTCCAGCTTCATCCATGTCCCTGCAAAACACATGAACTCATCCTTTTTTATGGCTGCATAG,111,50221,50332,40.5
ATGCCAGGGCTGGCCGAGGGGGCTCCAGAGGGGATGGCCTGCTCATCACTGTGTAAAAGGCAGATTCTAAAGACCAAGACCCCAGGCCCAGTGACATGGGATGTGCAATGA,111,51598,51709,57.7
ATGTGAGCATCTTGTGATTTCTCCCCCAGCGCAGCCTGCCTGGCAGCTTCCTGTGCTCCCAGCACGAAGTGGAAGATGACCTTCAGCCGGAGGAGGGAGCGCAGCGCGGATTAG,114,9953,10067,60.5
ATGAAGCCACACCTTCTGGAAGCTGAGAGGAGGCTGGTGGGATTGGAGGGGGTGGCACCCCCAAACGTCCAATGCTGCCTGAATGTAGCGGCACTCAAGTCCTGCTGTGAGTAG,114,13695,13809,57.9
ATGCTTCTGCACCCTCTGCCGCACTGGGCACCCGGGGCCCAAGCCCACCTGCCCTCTGAACCATTCTCCAGGTCAGGCAGGCAGCATGCAGCCTGTGAGCTCCCTGTGAGCTGA,114,14577,14691,64.9
ATGTCAATGTGTGAATATCTGACCTTGTCCACCTGCGTCTCAGCTCCTGTGGGCAGGCGCCAACTCTGCTTTGCTTCAACCTGTGCCTTGCACAAAATGTGTTGCAATGAATGA,114,18426,18540,49.1
ATGTGAGGGTGGACATGCCCACGGGGCCATCTGAGAACTCTGCTCGCTGCAGCGTCCACAAGGCAGCCCATCCTCAGCCTCCTGGGACACGAAGTTTTCCTTCCCATGGGGTGA,114,19146,19260,60.5
ATGCTGCTGACTCTATTTTTTGCCTTTTCCTGGTTGAAAATGTTTTGCAAGCCACCAGCCAAGTTGGGGTTTCAGTATCAGAACAGTTGGCAATCCTGCCCTAATGGAAAATGA,114,43985,44099,43.0
ATGTCCACCTAAGGGAAAGAAAACCATTCGTCCTCAGGAGAGTTCTTTCATGGAGGCCTGGACTTATCCAGGATGATGCCTAGTTACAGCACAAAGGCTGGGGGCAGGGTGTAG,114,45502,45616,50.9
ATGATTTGGGCAACAGCAAGGGTGGAGTGTTGTCCATTTACTTTTCTTTGCCTTTTCTCAACTTGGTTGGACCAACAGAGCTGTGCCCCACTCTCATGTCTGAGCTTGTTCTGA,114,46677,46791,46.5
ATGAAGGCATAATACAGTTTCCTAAAGATGAAAAACAATGTCATGTTCCCCTCCAGTTTTGTTATTACGAATAATCTGTCTGCTAGAAATCAGTACTTGGGTCATCATGTCTGA,114,58989,59103,36.0
ATGTTTGGGGAAATCCCCCAAGCTTTGCGCTTTGCAGTCCATGTCAGAAGTGCAGTTAATGGTCACCTGCATGAGACCAGGTCCCCTAAACTTTGCAGTTTGCCTAGCTCTGGGTAG,117,17248,17365,50.4
ATGGGAAACTTCTATTACCTGGTGGACGGGCTAATGCCTGGCTGTCAGACCCATGAGCAGGCGTCCCTCATGGGGAACTTGGTCATTCTGGTAGATGCCCGGGTGGCTTTTGTCTGA,117,44135,44252,54.7
ATGGGTGCATTATTGGGCCTGCCAGGACAAAGCAGCCCCAGATGGGAAGATATTCTGACTGCAAATGGCCCAGAGAGAGGGTGTCACAGCCCCAAACACACTCAGCCCTGGGGCTGA,117,45976,46093,56.4
ATGGGAAGGGGGAGATGCGTCTCTCCCAAATACAAGTCCCTGGGGAGGGGTTGTGCATGGACCTGTCCCTTCCCTCCTGCCGGTTCGGGAACACTCCAAAGGCAGGGTGCTTGGTGA,117,51014,51131,59.8
ATGCTAACAAGAGCCTTAGGCAGAAACAAGATGGGAATAAGCTATCTTTGGAATTTTGGAACCAGAAGATGTCAGAGGCCGGCAAAGCTTATACCCCTTTCAAAAATCAACTGTTAG,117,58080,58197,41.0
ATGCTTACAAACACCGCTGGTTGCGGATGTGCCAGACTCCCTGGTGGTGGTACCCTATCACAATATTCTCCCCTGCCGCCGGTGCAATCCTGTTTCAGCAACAAATTTAAATATTAA,117,59547,59664,47.9
ATGAAAAAGCAGCTGACCCTCCTGTGGCCCCCTTTTTGGGCAGTCATTGCAGGACCTCATCCCCAAGCAGCAGCTCTGGTGGCATACAGGCAACCCACCACCAAGGTAGAGGGTAATTGA,120,1227,1347,55.0
ATGTCCATTTGAACCCCAAATTACCTGTCTCCAGATTTGCTATCAGGCAAGAAAAGGAAATCTTTCATTAGTTTAAGCTGTAGTTTACTCCAGTTTTCTATAACTTTCGGCCAGATATAA,120,2583,2703,35.8
ATGGCCTCATTTAACCTTAATTACCTCCTTTAGGGCCCTGTCTCCAAATATGTTCAGTGGAGGTTTGGGGCTTTGGCATATGAGTCTTTGGAGGCCACAGTTCTGTCCAGAACACACTGA,120,5651,5771,46.7
ATGGTATGTTCCAAAATTGACATTGGTGATGGTTGCACACACTGCAGATACACCAAAATCCACCAAGTTAAATTGAAATGCACACTTTACACTATTGAATTATATACTTTAAGTGGCTGA,120,6371,6491,35.0
ATGAGGTACAGCTAGTATTTAGATAGCAGGTATTCAAATACCTACTATTTGATAAGTAAATATGTAGTGATTTACAAGGTCTTGCCTAGAAAATCTGATGACATAATTGTGAAATGGTGA,120,50844,50964,31.7
ATGTTTCCTCCTAGTCACTTTCCATCCGTGGACCCCGCCCTGCTCCTGGGCTGTGAATCTCCACTGCCTGTGGCGTGTTTGGAGTTGATCCCGGTTCTATACCTAGGTCTCTTTCTATTGTAA,123,14303,14426,52.0
ATGAGAAAAGGATGACCTGCTGTGCTAAATACTGCAGAAAGGTTGAGCATGATGAGGACAGACACGTCCCTTAGATTCAGCCACGTGGAAGTCCTTGGTGACCTTGAAGAGGTTAGGTTTTAG,123,42533,42656,46.3
ATGGTGTATATGTGCTACATTTTCTTTATCCAATCTATCATTGATGGGCATTTGGGTTGGTTCCAAGTCTTTGCTATTGGAGATAGTGCTGCAATAAACTTAAGTGTGCATGTGTCTTTATAG,123,50338,50461,36.6
ATGTGGCAGCATGAAAAATGTCCCCCAAAGATGTCCACGTCCTCATCCCAGAGCCTCACATGGCATAGGGCCTTTTTGGGTGGGATTAATGTAAGGATCTTGAGGTGTGGATTTATCCTGGAGTAG,126,15864,15990,48.4
ATGCCCATTCCTACAGGCAGGGACAGAAGAGGAGAAAGTGATGAGCTTTGGGTTCAGAATGGCCCACGTCTGGGCATCTCAGCGATTCTGGCCCTTGAGCCCTCCCCATCTTTTCCATGGGACTAA,126,40541,40667,54.0
ATGGAGTGGTGAAGCTAAGAAATTCGTTATCCCTTTGTTCCAGTGCTGCTGGACTTTTCACTAAGTGAAGAGGTAAATGCTGAGTCTCCCAGGAGGCTGACTCCTCCTGGCTCTGGGTGTGCATTCTGA,129,3291,3420,48.8
ATGGGAGCAGAAGTGAGAGGAGACCTTTGGGAAGGCTCTGGAAGCCACACCGCCAAGGTGCACCCAGTCGAGGCGAGGGGAGAGCTCGGAAGCCCAGGCCCAGACCTGTCCACACCTGGGTTGCGCTGA,129,18054,18183,63.6
ATGACAAAGGTGCAGCTTGCACAAAATACATATTGGCATTATTTTGACCTCAGAAAAGCCAAAGAATCATCATCTGCTAGAGAAACAGCCACATCTACTTCCAAAGACGGTGGTCGAAGGCTTTGCTGA,129,26059,26188,41.9
ATGGTGAGTGTAAAAGCGATGGTGTCTGTGTCAGCACTCGGTTCAAACCGAGTCGTGGATGAGGCAAATTGGATCATTATTCATTTTATCGGTTACTTATTTTTAGAGCAATTTAACAATTACATGTAA,129,35146,35275,37.2
ATGCCGCGGATTCTGTCGGAACACAGTAGGTCCGGCATGGGGCCGCGCATTGTTAAGGAGCTCGCAGGTGGCCCACACCGCGCATTGTTAAGGAGCTCGCAGGCGTTGGTTCTGCTTGTGGGGCAGTGA,129,47921,48050,61.2
ATGTGCAAAACTCCCCCCTTCCAGCTGGGGAGGGCCAGAGGCTGGTCCTGCTGCGCGTTCAGCCTCAGACCAGGCCCCCACACCTATGACACATCAACACCAGGATGGACCCTCAGATGTCGCCCCTAA,129,54007,54136,61.2
ATGGACACAAACAATGGTCCCAAGTCCTAGAACAGGTTGTGTGAGCCACTTGAGGCATCCATCCAGTGCTGTTTCGGAGAAATCTCTATTTCAGTCTATTCCTATACATTAGTTATTGAAAAACAATAG,129,56324,56453,40.3
ATGAATGCAGGTGGTTCCTGGAAGACAGTGCCATTTATCAGCTCGTTACAGACCCAATCACCGTCGAGGGGAGGGAGGGGCAGGTTTGCTCCGGGTTTGCAGCTCCTCCTGTCAGAAAACCTTTGGAATTAA,132,22567,22699,52.3
ATGGTGAAACTCCGTCTCTATTAAAAATACAAAATTTTTAGCTGGGCATGGTGGTGCCTGCTTATAATCCCAGCTACTTGGGAGGCTGAGGCAGGAGAATCACTTGAACCTCCGAGGCAGAGGTTGCAGTGA,132,40931,41063,47.0
ATGGGTCCTGGAATCCCAGGAGGGAGCTTCACTGTGGCTGAACTCCAGAGCTGCCGCCAGCCAAGCGACTCAGGCCGGGCCCCTGACCCTCGGTGGATCCGCGGATCTTGGCTTCATCACCTGCCATTCTGA,132,47712,47844,62.9
ATGGACAACAAGATGGGCGTAGGAAAGTGGATTAGTCAGTGGAGGAGGGGATCTACTGCACCGCCAAGCACCCACGTGTTTATAGCTTCTCCCATATTGCCTGGAGCCTGCAACTTACTAGGTGATGTGTAA,132,49697,49829,50.0
ATGGGCAGGGGAAGAGAAGAGCACTGGCCCAGGGGGTCGATAGTCATTAGCACTGGTGAAAGGAGAGTCAGCCTCAGAATGAGACCTGAAAGCAGGAAGAAGCGGTCAAGCGCAATCAGGTGGAGTGGGGCATGA,135,36843,36978,55.6
ATGTTAGGTAAGACTCTTAATACTCAGAAGTAATCCTCAGAAAACTCATTTGCATTTTGTTTTCCTAACAAGGAAAATGGGGCAAGCTTCACCTTGTCAGTCCTTCAGGGGAGCAAACATTCCAGAAGGAAGTAG,135,38804,38939,40.0
ATGCCACCTTATGTGACAGAAGAGAGAATGTTCCCTTTTATGGCAAAAAATGTGATTAGGCTAAGGATCTTGAAAAGAAGAGCTTATCCTAGATTATCTGGGCAGCCCCAAATGCAATCATGTGTATCTTTTTAA,135,39819,39954,37.8
ATGTCTTTGTTCTTCATATTATCCATTTATTAGCTGACATATGAATTCATTTCTTTCATAAAAACTACTGCGCCTCAGCTCTGCCGTGGGGTCACCCAGTCATATGAAAACATGAACTATGTAAGAGGAAAGACATAG,138,12707,12845,37.0
ATGCATCTCATGGCCCCAGCTTAGTCTGTACTGTTATTAAAAAACAAACAGACAGATGCTGGCACTGTGGCCAGCCAAGCAGGCCAGCCCTGCAGCCCCTTTAAATCAGAGGGAAAGATAATCGCTTCCACACCCTAA,138,17830,17968,49.3
ATGTAACCTGTGTGAGTGTTCTATCTCACCAGGCTCAGACACGTCGGTAACCAGTGCACAGGGAATCTGCTTCACAGCCGCCCCTCCCCTGCAGCAGGGAGGAGGTGTCACCAAAGCAGGGCCTGTCGGAGTCTCTGGCTGTGA,144,23793,23937,58.3
ATGGGCAAATGCTTGAATCGTCCGCTTAAGGGAAGCAAACAGGAAAGTGCTGGGCAGAAGAGATGCCTCCGGGTTCTTATCTCTGGGCACCAGCTTGAGCCATTTGGGTGTAGGGGAGAACTGGAAACTGTCCAGGGTGACTGA,144,44557,44701,52.8
ATGCCCTCTCCCTGTGCCCATGCTGAGGGTGATTCTATAAACCAAGCCCATAGAAAGCTGCCTTGTAAGTCAACCCAAGGGTCCTACACTGCAGTGAGACCTTCTGTAAAGGAATCCTCTAAATTTTGGTTGCACCAAATAATTTAA,147,27813,27960,44.9
ATGGACACAGCCTCCACAACAAGCAAGGGAACACATCTGGCTGGGCAGGAGTACGAAATGTGCATGTCAGTGCAGAAAAATCTGTACCTCAACCACTCAGTGAACACATCCCAGACCCCTCCCCAGGCTCCCTCACAGCTCAAATAG,147,37834,37981,52.4
ATGTACACACATGTTAATAGCAGCATTATGCGCAACAGTCAAACAGTGGACACACCCAAATGCCCATCAGTGGATGATGGATACATGCAAGGTGATTTATCCAGACAGTGGCATCATATTCTGTGGCCGGAAACAGGAGGGGAACGCTGA,150,5880,6030,46.7
ATGGTCTGGCCTTGGGAGTGGGGGGTCCAGCAGAGCTCCCCATGTAGTAAAGAATGTGGCCTGGCCTGCAGAGAGGTCTGCCCTTGTCCTCGGCTTCTGGGAGGGGCTTTGTTGAGACTGTGGCGGTGCCAGATCTTCAGGTGGGGTTGA,150,16765,16915,60.0
ATGACAACAAACTTCAGCTTTTTTTTTTTTTTTTTTTTTTTTAGACAGGATCTTTTTCTGTCACTCAGGCTGGAGTGCAGTGGCACAATCACGGTTAACTGCAGCCTCAACCTTCTGGGTCCAATCAAACCTTCCACTTCAGCCTCCTAA,150,27980,28130,40.7
ATGGCAGTGCTGGGGCTTGAATCCAGAGGGACACTGGCTCGGGGAGGACACAATCTCACCACTCATGTGCCTGCATTCTCTTTGCATCTGTCCCCTCCCTTTTCATATTTCCAAGTGACTTCAGGACCCCACAGCCATCTTGATGCATGA,150,46522,46672,52.7
ATGAAGTGCCCACCGTGAGCCAGAGTGAGACGCTTTCCTGAGATCCCAGGATTTCTTAAACAAAATACACAAAGCACTTACGTAAAAGATCGATACACTGATTGCATTAAAATTAAGAACTTCTGTTTATCAAAAATTCCTTCAAGAAAATGA,153,7486,7639,36.6
ATGGTCTAGAAACCGAGCCCCTATTGAAAGCTGGAAGGATGTGATGTTGCAAAGCCTGCCAATAAAAAGTTTGTCTGGGGGTTTTTCTCCTGCGTCCAGATAATTTGGTGTTTCTGTCAGGGCCCAATCAGTGTAAAGGAAACACATGGTATATGA,156,34734,34890,44.2
ATGGTAGATTCTCAAGATCAGGACCCCAGGCCCAGCGTCATGGGAAGTGCAATGGTGCAAGTTGGCTCCAGCCCTGTTCTCGGAGGACCCGCTGCTCACAGCACCAGCTTTGAACTTCAAGAAACATGTTCATACCATCCCCAACATAACCATTAA,156,52336,52492,51.3
ATGTTCGTGAGTGTAAGCTCCATTTTGCAGAAGGAAAATTGGAGGCCCAGAGATCCATGGGAAGAGGTGGGGTGGCTGACAAATGCTGGAGAATCCCAAGGTTGGATTCCAGATGATGTTTATGGAGGACCTGCTGCAAGCCAGGCCTCCTTCTAG,156,52882,53038,50.6
ATGTAAGCTGAAGAATAGCTCAAATACAGCAAGGGCTATACTTACACTAACACAAGCTCGTTTATCTGCAATTCAGATGGAACTGGGCACCTGCCTCTATCTGCTAAATCCGGCCACTCTACCTGGGTCACACAGCTAGTAACTGACACAAGAAAATGA,159,20218,20377,44.0
ATGCCAGGGCTCTGTCTGCACAGGGTTGGGAAACAGTTGTTGGGCTCACTCCTCCCCACTGAGCCTGGGCGTGCAGGCAGAACCCAGGCGTGGGGGCGGCCTGGAGGGGCAGGCTGTGCAGACAACAACAGGAGGGACCAGGTGCCTGCAGAGGCCTGA,159,53480,53639,65.4
ATGGCCCTTACGGGATGGGCCAGTAGAACTGCAAGTAACGGCCGGGCGCGGTGGCTCACACCTGTAATCCCAGCACTTTGGGAGGCTGAGGCGGGCAGATCACGAGGTCAGGAGATTGAGACCATCCTGGCCAACATGGTGAAGCCCCGTCTCTACTAA,159,57704,57863,59.1
ATGGCTGGCGAGTCATGAACCCAGGCGTGGCATTCCTCAAATTATGTGCACCTAAAGTCTGCGAAGGGAAACAAACAAGAATTCAAAAAGCAAGACACCCCGGGGGTTCTCTGTCCTTCCTTCCCTGCACTCAGTCTGCGTCCTGAGCAGCAACAGTGCTGA,162,9139,9301,51.9
ATGGATGGGTGTGTGTGCAGGTGGGCAGCACGGTTCATTCCAGCTGAGGCTGAAATCCCTCTTTGTCCTGCAGGCGAGGCCCCCTGGTCACCTGGTAAACTCATTCACCCGTGTCATCATAAAACCCTCCGACAAATTAACGGAAAACATAGTGACTTCTAG,162,12020,12182,51.9
ATGCCAGAAAGACCAGCCCCGTGGCTCAATCATCAATCAGTCTTGCACACGGAATGGAGCCCCGATGAAGCCCCGGACACTGGGACTCAGGGGAGCTCACCAGCTTGGTGGTGCTCCATGCCTCTTGTGACACCTCGATGCCAAGAATGTGACATATCCTGA,162,16917,17079,56.2
ATGTTCCAGTTAATTTTTGTATTTTTTGTAGAGACAGAGTCCCAGTCTATTGCCCAGGCTGATCTCGAACTCCTGGGCTCAAATGATCCTCCTGCTTTGGCTCCCAAAGTGCTAGAGTACAGGCATAGGCCATCTTGCCTGGCCTCAAACTTCAGTTTTTAA,162,28148,28310,45.1
ATGTGATTAAAGGCTTGGGCTGGGGAGATGATCCTGGACCTTCTGGATGGGCCATGCATGCATCACGAGTGTCCTCCTTCCCAGAATTCCTCTTACTCCTTGGAATGCCCACCCTGGAATTCCCATCCTGGAATGCCCCATTCTCTTTCCCCCGAGGCCTAG,162,54336,54498,54.3
ATGAGACACAGCACTCTTGTTACTTAAATTACACATTACAGCAATACAATTGTAGTAGAACTCTTCCTATTCCCTGGGGGACCCGCTGGGTATGTGGATCCTACAGGTGGTGATACCTGCCTCCACATTGGTCGGGAAGATGCACTTGGGGGTGGCCATTAA,162,59340,59502,47.5
ATGTACCACCACACCTGGCTCATTTTTGTATTTTCAGTAGAGACAGAGTTTCACCATGTTGGCCAGGCTGGTCTCAAACTCCTGACCTCGGGTGATCTGCCCCCCTTGGCCTCCCAAAGTGCTAGGATTACAGGTGTGAGCCACCGCACCTGGCCACAAAGCTGA,165,27615,27780,53.3
ATGTGCAGCTGGTGGTAGCACAACCTCCGTCTCTCTGGCTCCAGAGCCTCCCCTGCTTGCCCTGTCCCAGCCAAACTCAGCCAAATCTACCTCCAGCCCCCTGCCCTGGAGCTCAGGTGGCAGCTCTCTCCAGGCCTTTCCAACAGCGCCTTCAGCAAAAGATGA,165,49222,49387,60.0
ATGTGGGAACCTGCTGGGAGGGGCCCGGCCTTGTTGGTGCTGGAGCTCAGTCCCCAGGAGGCTCCTCTGTCTTCTGATGTTCCACAAGCCACGAGCCGCCTCTGCACCAGAGCTGACTTGTCTGGAGAGGATTCCGCACAGGTGGCTGACCCCACCGGGCTCTGA,165,51367,51532,63.0
ATGGGGAAAATTTGCCCCGATGGTGGAGGTGAAGCTCGCAGCACTATGAGGAGTTGGTTCTCATGGACATTATTCCCTGTCTTTTCCCATTGGCCTAGAGAAGCAGCATTCGTGCAAGTGAGAGTGACAGAAGGACGCTTACTCACGGCGTCCAGCCCGGCTCCCTAG,168,24605,24773,53.6
ATGCCCGCCCTGGAATTCCCATCATGGATTGCCCCATTCTCTTTCCCCCTCTTTCCCTGGAGGCCTAGTTTTACCCCTCTTTCATTGCCCTGTGGTGAGAGATCCCTCAGTGACAAGGACAGGGCACCTGGAGTCAAGTGGAGAGAAAATGCTTCCTTGGTAACATGA,168,55507,55675,52.4
ATGGCAAGAGCTTGTTTAAGCCTTGTTAAGTGATTGCGGGCACCTGCCCCCGTGTGCACATGGCCTGACCTCATCCCTAGGATGGCTTTGTGGGGTTTAGCGGTTATTCTCATTCTGCAGACAGGGAGCATGGTGGAGACCATGTCAGGCTCAGGTGCAACCAGGCACTAA,171,34474,34645,53.8
ATGTTATTATCAGGTCATGCTTGAGATTCTTCCAGCCGTGAGGTCTGTTGTAAGCACCGGTATGGGCAATGTGCAAAAGAACCTTGTTCTCCAAGGGCACGCGCCCTCAATTTTCCCAAGCAGTTGTTGGGTTCTTGCTCAGTAAATTCTCTGGGTAGCATGGGAGCTACATAA,174,42783,42957,47.1
ATGTGGGGAGTTGTCCCCGGCGGGGCTCCGAATGGTCCCTTTCTGCAGTCAACTATAAAGTTCCCTGGAATGTCCCAGCTCCCAAGGCTGCATCTGATACCAAGCAAGACTGAGAATTGTTCCCAGACAAGAATCCTCATTGCACCTTTAGAAGTCCACCCACCCAACCTCTAA,174,43599,43773,51.7
ATGTGGGTTGCTCAATTGTTAGTGGTACCTTGTCAACAATTAACCCCTGAGGAAATTTCTGCCCCAATAGAAACAACATATAGAACCGGAAAATTTGGGTCCATCGGAGTGGGTGGGCAACTTAAAACCTTGAGCCAAAATATGGGTGCAGTGTCCATCAGGTCCCGCCCCTAA,174,58783,58957,46.0
ATGAACTGGCTGGAATAGCCCAGGCTCTATTCCAGGCCCACCGTCCCCCAGAAAGAGATGTCCTTTAGCTCAGTGGGGCCTGTGGCCCTAAGGTATGAAACCCAGGGCGGGCTACTTTCTAGGGTCCTTCAGCTGCGGTGCAGGTGGGGCCCGAGCCAGGCTGGGCAGCTTTCGTGA,177,23538,23715,60.5
ATGCATACAGTTGGAGTAGCCGAATTACAACACTTTGTGACAAAGCTGATTTTGTCTTTATTTTATTTTATTTTATTTTATTTTATTTTTTTTGAGACGGAGTTTTCCTCTTGTCCCCCAGGCTGGCATGCGGTGGCGCAATCTCGTCTTACTGCAACCTCCGCCTCCCAGGTTTGA,177,27394,27571,40.7
ATGCACAATTGTTCATTGAAAATCTCCGAAGTCACTGGCTATTTTCTGTGGTTCTCGGCACCATCACCACCCTTCCAAATTCTCTCCTGTTCTCAGGGGTTAGAAACCTGCAAACTACATTCCCTAGACTTCCTTGCCTGTAGGAGCAAAATGATCCCATGTATTACTGCGAAATGGTAG,180,4437,4617,44.4
ATGAGCCCTCCCCTGACTTCAAAAATAAAATCCCGGTACAGTATGATCATCATGATTATTGTTACCATTATTACCAGCACTGCAATCATTTGTGCTCTGGCCCTTTCATCCCAGAATTTCAAAGCAGAATGCTTTATAAGGAGATGGCTATTCATTTGTTCAGCGAGAGGCATCCTTTGA,180,10545,10725,40.6
ATGGAGTGTCATTTGATTGTCTCTGCTGGCAGCGCTCCCCGGAATTGCCATTTAAATTATTCAGCGTTTTTAAGCACCGTTGGACTTGGGGTATTGTCAGCTGCACAGGGAGGCCGAGTGTGGGGCTGCCTCAGCCCCGGCAGCTGGATGACGCGTATTCTCCTGTCATGGTATTTCTAA,180,36389,36569,52.2
ATGTAAGAATTGACTACAGAAGAATGCTAGACTCCCCTCAGGCCATGCATGCCTGCAGCCCAGCCACGCTCCTTGAAGGCAGGGCTGGCAACTTCCACCCTGGGTTGCCCAGGGCTTTGTATAGAAACTCCCATGCGAGAGGCACTTGGTAAATCATCCTTAGATGACTCAATTACTTAA,180,44745,44925,50.6
ATGGACGACAGGCTAACAGGTGCTGAGCGGAAAATAAATCACAGAGTAGGGGCATTGGGGTGTGGACGATGCGGTGGCACTGAGGGAAGCTGCCATTTAAATAGGGCCACGGGGAGGTCTCACTGGAGCAGAGACCAGAGGGAGCGTCTCCAGGTGGGAGTTACAGAGAAGCTTGGGTGA,180,55257,55437,56.1
ATGGCGAAACCTCGCCTCTACTAAAAATACAAAATTAGGCCCGGTGCGGTGGCTCACACCTGTAATCCCTGCACTTTGGGAGGCGAGGTGGGTGGATCACCTGAGGTCAGGAGTTCGAGGCCAGCCTGGCCAACATGGCGAAACCCTGTCTCTACTAAAAAAAAAAGAAAAAGAAAAAATTAG,183,8609,8792,49.2
ATGTCTGTCTTATCATGGACCCCATCAGGCCTGTGCCCGGGTGACCCTGGGAACCGTCTCTGGTTTCTCACTCACTGTGTCCTTGCAGGAGAGCCACTGTGGCTGGCTGAAGGGATCCAGGGCACATTTGTGTGGAGGAGCGGGAGGAGATTGCCCACCTCCCACCACTGCTTTCCCTTCTAA,183,36013,36196,57.9
ATGTGGCTACCTGAGCCTCATGCTGACAACATGTGCCCAGGGACAGCAGAGGGAGCAGCAAGGGGGCTGGCCCTGGGAGGCCCGAGGCAGGGGCAGCTGTCACCTGTGTCTTCTCCCAGGCACCCACAGGTTAACTGTGAGCTCACTGAAGAACTGCAGAGCATGTGTGCTGGTGGGGTGTGA,183,39106,39289,61.2
ATGGCAATCTCGCCAGCCCATGCAGAGGCTGAGAAGAGTGAAGATCCCACGGAGAGGAGGCAAGCGAGAGGGAGAGCCCTGGCTGTGGGGTTTGGGCTCAAGGAGGTTTGGCCCCTATCAGGGGCCGGCTGCACCCCAGACCACCAGGCACTCTGGCAGGTGGATTTTCTCTCTCTTTTTTTTTTTTAG,189,24367,24556,57.7
ATGGCTGAGGCTTGGATAAGTTAGACCACCTGAACCTGTGAGAAAGCACTGGCCCCCCCTCTGCTCCACCCTGCTTCCCCAATGGAGGGGTGGGTGAGCCCAACCTGCCTGTGCCCCCTCCTCGACCGGACCTCAAGGCCACCTCGGCCCACTTCCAGAGGCCCCTGTGCAGCAGGCCTGGCCTGTTAG,189,32251,32440,64.0
ATGGGGAGAGATGAGGGGCCCACTGTGTCTCGCCAGAAATCAGCCTGGCTGGCATCTGCGCTCCACACTGCCAGCGCTGCAGGGATTATTTTTACCTGCGATCGCTTGTTGAATGTGTCTGATAATGTATTTATAACGGCCCGAGTAACTCAGCTAGTAGCAACCGCCCTGAGAGACAAGGAAAATGGTTAG,192,32628,32820,51.6
ATGCTCTGACTGTGCGGTGCAGCAGGACCCCTAGCAGGCAGCATGTGTTCAAGGCAGCGATATCCAAATGCTATGAATTGCTGTCCTGATGGTTATTTTCCTGCATACAGTAGAGCTGATCCCTGTACAATGCTGGTCCTAAATCTCACCTTTGACAGTGCGCTGATGTGCAATGTTTGCTTTTGTTTTATTTGA,195,1948,2143,46.2
ATGACAACATCTGATACTTCATAGAGGAAGTCACTGAATTCCAGGAATAGGCCCTTGGTTTTCAATCACATTTGTGAACTAAAAAAGCAACTTTTAGAATTTCATTCTGGCCTGCAATCCCAGCATTTTGGGAGGCCGAGGAAGGTGGATCACCTGAGGTCAGGGAGTTCAAGACAAGCCTGGCCAACATGGTGA,195,26390,26585,44.6
ATGAAATTCCTTGTTTCATTGTAGTGGTCACATATGGACATACTAGATAACAGTTTCTGGGTAGAAGTGATGTTCTTATTATATGAAGATACCTACGGAGCAAATATGAACCACGCATGGGTTATAGGGCACCTTCATTCAAACTTGTGTCCAACAAGTTGGGATAATCTAACAATCGAACAATATAAGTCGTAG,195,27175,27370,36.9
ATGATTTATAATCCTTTGGGTATATACCCAGTAATGAGATTGCTGGCTCAAATGTTATTTCTGGTTCTAGATCCTTTAGGAACCTCCACACTGTCTTCCACAATGGTTGAACTAATTTACACTCCCACCAACAGTGTGAAAGCATTCCTATTTCTCCGCATCCTTGCCAGCATCTGTTGTTTCCAGACTTTTTAA,195,50465,50660,39.5
ATGAGACTCAGCGGCTTCCCAGTGCTGCTGAGGAGCAGGGCGGCATCAACGGAATCCCAAACCCACGTGAAAGCTCCCCAAGAATGGGTGCCAATTTCAGGCCCATCGTCACGCGTTGGCCCCACCTCTACTGCTCCCCGTTTTCGGAGGATTTACTCAAGGCTACTTGGTGCCTGTGGATGGCAGAACCACTGA,195,55862,56057,57.4
ATGAGTTCAACAACTGGGTAGCCACTGCTGCAACGGAAGCCAACTGCAGTCGGCACTGGCTATGCATCAAGCTGCCGGAGGCCGCCAGGAATGGGCTACCTCGGAGAATCATCCCTGCTAACATTTCTGAATGGATATGCCAATGCCAATGGGTACAGGATAATAACATTTGTAATCCAACCTGGACTTTTTTAA,195,59111,59306,48.7
ATGGGTCACTTGTTTCTGTAGAGCCCATGCCAAGAGTCTCCTGGCTTGGGACAGCTGGCCAGTCCCCTGCACTGGAACATCTCAAACTCTGTGCTTAGAAGTTGGAGACAAAGAGCTGCTCTGTTTTTCAGTCAGTTTTGGACTGTTTTTATGTCTTTGTGGGTGGTGAGAAGGTCTGGTCTTTACATTTGGAGTTGA,198,21071,21269,47.5
ATGTTGGAATGGCTGGAGTCACCCCTTACGCCCCCAATAGCTATGTTACAGACTACAGAGGATGTCTGGAGGCTGCAGCCCAGAAGCAGGAGCCCAGAGTTTCAAAGTCCCCTTGCAATGCTCCTGAGGGTTATTACATTAAGTTTGGAAGGTAAACCAGCAGGCTCAAAGGTTTCTCCGACCTTTGCATCAACATAG,198,43095,43293,49.5
ATGGGTGAGGAGGGGCCAGCCCAGGGCCGTGGAGGTCTGAAAAGTCAGCGAGAGCCAAGGCTAGTGTGCAGTCAGCAGCACAGTCTGAGGCTGTGCCCAGAGCGACTGGCTCCACCCCCTGTCCTGGTTCAGGTGCTTTTGTTCTTCTTATGGTCCAGCACCAGATGTCATCCCATGACCCCCAGCCCAGAGCCCCGCCCCTGA,204,16490,16694,61.8
ATGTTACCTGCCCTGGTAAGCATGGTGTTTGTACAGCGTCCCTCCCTGCGAGAGCCATGGCCTTCCTCTCTGTGGGTTCTTGCAAGAGTGTCCATTAGCTGCCCCATTTCACCCTGGCAGCTGCAGGCTGGCTCACAGGGAAGCCTCCCCAATTTCTCACTTGTAGTTCTCTCTTGTAGAATGTGCCAGAAAGTAACACCCTGA,204,23327,23531,53.4
ATGTATACATCCAGGTGACCAGCACCCACTCAAGATAAGGAAGGTTCCCATCACTCTAAGAAGTGGTTTTGTGCCCCTTTTGCAACTAGTCCTGCCTGCAGAGGTCACCACCCTTCTGATTTCTGTGGCCGAAGACTACGTTTGCCTATTGAGACCCACATTCTGAGAAGCTCAGGTCTCTGGTCTTTGGAGACCCTGGGATAG,204,30103,30307,50.0
ATGATGCGTTGAGCCTGCCCAGGACTCCACACCCAGCCGTGGCAGCCCTGGGCCCTGATGTTCAAAAGCCCCAGCAAAGGCCTCCAGCACCCCAGCTGTGTGGGGCCCAGCAAGTCTCACAGAGAGGACAGCCAGCCTCCATGCTCCCATGGAAATTACTCTGTCCTCAGCCGGCTCCTCTGGGCAGAGGCCTTGCCCAGATAG,204,52094,52298,62.3
ATGAGGTCATTAGGGTGGGTCCTGACTGGCATCGTTATAAAAAGAGGACATGAGGATACAGACACACAGAGGGATGACCATGTGAGGACAGAGAAAGGTGATGGTGTCTACAAGCCAAGGAAAGAAATGTTGGGAGGAACCAACCCTGCCAACCTTGGTCTCAGGTTCCAGCCTCCAGGGCAGTGGGAAAATAAGTTCTGTTGTTGA,207,41384,41591,48.8
ATGACCACCACCATCACAACCATCACCACCATCACAACCACCATCATCACTATCGCTATCACCACCATCACCATTACCACCACCATTACTACAACCATGACCATCACCACCATCACCACCACCATCACAACGATCACCATCACAGCCACCATCATCACCACCACCACCACCACCATCACCATCAAACCATCGGCATTATTATTTTTTTAG,210,971,1181,47.6
ATGTGCCTGAAGAAGATTATGCTATTTTGGGCTCTGGAGACTTTTAAAAACAAATTAGAGACAAAGCACAATAGCTCTGGATGTCTGACTCACTCAGAAGCAAAGCAGGCCCACCTTCCACGCAAGAAGAGACCGAGGATGCAGACAGACAGGGTTCCCAGTGGGAGGACTCTGCCGCAGGAAGCAGGTGGCAACAGTTGTTTATTTTGA,210,13415,13625,47.6
ATGCCTGCCCTCCCCAGCTGCCCTCAGGGCCCTCCGTCCTCCGTAGAGCCTGGTCACTCCTGGAGATCCTGCCCCTCTGCCACACCCGAGCCAGGCAGATGCTCTCGTCCGCATGCCCGGCGGAGCATGTGTTTTAAACGCGGGAATGCATGTCGCTGTGTTTGCACCTCCTGTGTCGCACCTGGATCGTCTCTTCATGGGGAGGCTTGCCCGTGA,216,34128,34344,63.4
ATGCTTACCGCCGTCCAAGGAGGGGTTTGCACCTTACTGCATACTGAATGTTGTGTGTATATCCCTGACAATTCTCACAATATGACTCTCCTTGCAAAGCCATGCTGGGTGTGGTTTTTATTAATTGTGTTTTTAATTCTGTGCTTATACTGCATCTGTAACCTATATCAACTATGCCTTCCCCATGTATCTGTAAGGGTATTTTCCTATAACTGA,216,59774,59990,40.3
ATGCTGGACTGCTGGCTTTGAAGACGGAGGAGGGGGCCATGGGCCAAGGATTGCCGGCGGCCTCTGGCAGCTGGGAAAGGTAAAGAGAAGGAGGCTCCTCTGGACCCTCCAGGAGCCAGTGCTGCTGACACCAGAATTCTGGGACTTCTGGCCTCTAGAAATGTAAGAATACATTTGTGCCATGTTGAGTCTCTAAGTTTATGGAGACCCCAATTTTGA,219,16104,16323,53.4
ATGTCTGTTTTGTCTCTTCTGGACACTTCCTCCCAGAGGGCAGGGCAGGGCCCACATCTGCTCCATCGTGCTTGCATCTACAGGCCAGGCTCTTCGCACTCCACAAACATTGCCCACCTTGGTGATGCATGCTGGGACTGCCATCCCCAGGTCCAAGGGCTCACCTTGCCCACCCGCCCCTTCCACCTCCCACCTCCTCCTCGGGCCCCGGCAGCATAG,219,21833,22052,61.6
ATGACAGATTCTAACTCAGTGGGTCTGGTAAGGGTTCAGGCATGTCTGTTGAGGCCCAGGCTGAAGATGGTTTGTAAGTGCAGTCGCGGCGGCCCCCAGGTGGTGCTGGGTCAGCTACCCCGTATGGAGTGGCTGGATGAGGGGAGTGTCAGCTCTCTGTTCCTGGGGCTCATGGAAGATGGGACACCCCTGGGCAGTGTTAGTCGGTCATCCCTGTAG,219,25082,25301,58.0
ATGCCCGGTGTTGGTCCTTCCCTTTAGAGACTGAGAAGTTTGAGGGTCTTTTCAAGAGGAGAAGGTCTGGGTATCAGAGCACTAAAGGTGCCCACCGAGTTTCCAGGGAGGACCAGGCAGCACTTTGGCCAGATGGCAGAGCCCAGCCCCTGCCCAGCCCCTGCACGAATGCATTGGTGTCCACCTTCCTGCCCCACTGCCTCGATTCCTGCAATGTAG,219,30724,30943,57.1
ATGGCCTTAGCAAACGGACACCACCCGTCGCTATCCTGTACCTGGCCCTGGGCGGCCGTCTGGCAGGACTTTCTGTTTGGTTCCTGTGTATCTGGGGAGGCCGGAAAGGACAAGCAACACTTGCTCACCTCAAGAGGAGGAAGGTCTGTGCTGGGCCGTGTGCTCACGCTACTTATCCGGAATCATCTTGCCTCCCAGGGTGGATATTGTTTCTCATTTTAG,222,19655,19877,55.4
ATGCCTGTGCATGAGTCGGACGAGACAGCGGGTCCTTGCTGTTGCAGGGATGGCTTTCCTGCCGATGTTGTCCACACTGGCTCTCGCTCTGTAGTGCAGGCTCAGCTCCCTGCCTGCAGAGGCTGCCCCCGCTGGTCCTTTTTGGAAGGCCTCACCCCCACACCTGCAGCCCTTGTTCTCTGCCTTTGCTTTTTATCAATGCAGAGCGGGCCTGGTACATGA,222,20532,20754,59.0
ATGAAAGATCACCAACCCAGCCTCCAAGTAGCCACGGACTCACCCACCCAGGACGGTGAGCACTCACAGTCAGAAAGATCACCAACCCAGCCTCCAAGGAGCCACGGACTCACCCACCCAGGACGGCCAGCACCCACAGTCAGGAAAGATCACCAACCCAGCCTCCAAGGAGCCACGGACTCACCCACCCAGGACGGTGAGCACCCAGCAGCACGTGATTGA,222,46799,47021,60.4
ATGGCAGGGTCTCCTCCTCCCCCTCTGCCGTCATCTTTCTTTTTCTCCTCCTCCTTCTTTTTCTGTTTCTCCCACTGGACCCCTCGTTCCCAGCAGGGCAGGCCTTGCCTCTGGCCATCTCAGTGCCTGGTTCTTGCAGATGCCCAGAGGCTGCCTGGGAAGCCACTCCCGGCTCCACGAGGGGTGCTGCAGCCTCAGCGTATACTTCGGTGTTTGAGAACAAGGTGA,228,11643,11871,58.8
ATGGCTGAATCCAACAAATGAAGTCTCTACTCTCATATTATTTTCCATTTTGTTCCACTGAATTTCAGCAAACATAGACCAGACAAGCATCCCTTTGAAACCTGGACTTGGGATGAGGGTCTGCTGAGATTGGGTTTTCTCCATGCCCAGATGCCTCTGATCAAATATCAAGTCCCAAAGATACAGATGAGAAAGTTATTAAGTGTTCTGGGATTGGGACATCGGAGATATTAA,234,4905,5139,40.6
ATGGGCCAGGGCCACTCACAGAATCTGGAGGAGCCATGTACAGCTATGGTCTCTGTAGAAATAGGTGGTGTGGGGGCAAAGCTGGGGACAGGAGGTGGGGAGGAAAGCAAACCAGGTGACTGTGCATGTGTGTCCCTCGGAACAGGGCGGGTGGAAGGAGAATCCGCTTTGGAGTCTGGAAGCACTGGTTTGCTGCTCACCTGCGTGGGACTCACTTGTTGGAATGCATCTTCATGA,237,24836,25073,55.7
ATGTCTACTAGGTGTCCTAGCTGTACTTGTCTACCATGTGTCCCACCTGTCTGCTCAAGCTCCCTGCAATCTTCCTTCTTTAGACTGTGTGCACCCCATTGTCTGGAATTCTCTCTTCTCCCTGAAAACTCTTCTCCCTTCCTACTCCAAGAGGGCTGCATGCATTCCCGAGCACATGCCACCTACACACGTGTCCCACCCATCTGGGGCCCTCAGCTCAGGTCTACCCCTCGATGA,237,31779,32016,53.2
ATGTTCCCTCAGTTCCCAGGGCCTTGCTCCAGCTCATGGCCAGTCTTCCGTCTCCCCACTTTCTTGGCCCCTGCAGCCAGGCCACATAGCCTGTCTCCTCTGGGACACACTATACCCTCCTTTGGAGCTCCTGACCATGTCTCTCTTCAGTCCCAAAGCTGTCCGTGGCAGCCCCTACTCTCTGCAACGCGACCTCTGCCTTCTCAGTGCTCAGCACAGCAGACCCATGGCAGATAG,237,49388,49625,58.6
ATGCAAATGACCAGTTAACCCCTTTATAGTCTGTCCAGGTCCACCCAGTGCAGAAGCCCCAGTGTGCCGTTTAGTATTTGTGAGCAAGAAGACACATTCCGCTTCTTGGGGAAGGGCTTCCTTTCATCTTGGACGTTGGGGATTCACAGCAGTGGCTGTGTTGTACGTCCAAACAGGGAGGAGTGGCCCAGGCTTGCAGACAGGATCTCACGAGGTTCAGCCTTTCTGAAGTCGGTACTGTAG,243,13143,13386,51.9
ATGGCGCGGGGACTGGCCTGGTTGTTGGGGCGGGGACAGAAATCCATTTCCCTCGTTTTCCTCCACGCCAGTGTGGGCCACTTCCTGAGTCTCCGCACACACCAGTGTCTGAGGTTCTCACTGACCTGCTCCAAGGTGAGGGATTCCCCGTATTTGGGGCAGAACAGACGTTCCCACCCCGCAAGGCTGCAGTGCGGGACAGACACGTGGCCCGGCCCCGAGATGCTGCAGAATGTTTGTCCTGGATTTTAA,252,10073,10325,59.5
ATGGAATCATTGCCTCATCCTCTGTTAACCAGAAAATTCTCTAAGCCAAACCCTCCCATAGCCTCTGGTCTCTTCACTCAGCCGAGGGTTCCCTTGTGTTTAGAGGGCAAGGTGGGCTCTGTTTCCTCCCACTGGGATGGAGGAGTCAGAAAACTCACCTTACCCCGTTTGCCCCCGACAGTGCCACGTTACAAAAGTTGCCCAACTTCCTTAAATAATCCTGTCACTTCCTCCTCATTTGCCTCTGACGCATGA,255,9418,9673,50.2
ATGCCTCCCTATCCAGGACTGTACCTGGGCACCACGGAGGAAGCTACTCAGACATCAACCCAGGTAGAACTACCTCTTTCTGGCCCCAAGCAAGAAGGCAGAAATGTCCCACGTTACTGCCCCCTGCCCACTGTGGCCAACACTGGGTGGACAACTCTGCTATGGCCCACGCCACACCTGAAAGACGTCAAAGCCACCAGATACCAGTCTTGGGGTCCGTTGGACATTACAGGGCAAACGTGTGAAATGCAATGA,255,25577,25832,54.9
ATGCTCTGTCCCCGGCCCCTAGAAGGTGGCCTGGCTTACAGCAGGTCCTCCATAAATACCTGTGGAATGAATATTCCATGCACTCCGGAGAAGCCTGCAGCACACAGGTGGCTGGGGTTTATGGAAATCCTGGAATCTCTGACTGGAATCTCTGTCTGGAATCCCTGCCTGGGGAGTCACCATCGCACACACGTGAAGGCACCGAAGGAGCAAACGCAGCCGCTGGTGCTAAGATGTGGCACTGCTCACTTGGTGCCGTAA,261,52553,52814,55.6
ATGGAGGATGAGCTCAAACTTTCTTTCTTTTTTTCTTTTTTTTTTGAGACGGAGTCTCGCTCTGTCGCCCAGGCTGGAGTGCAGTGGCGTGATCTCGGCTCACTGCAAGCTCCGCCTCCCGGGTTCACACCATTCTCCTGCCTCAGCCTCCCGAGTAGCTGGGACAACAGGCGCCCGTCACCACGCCCGGCTAATTTTTTTGTATTTTTAGTAGAGATGGGGTCTCACCGTGTTAGCCAGGATGGTCTCCATCTCCTGATCTCATGA,267,48704,48971,52.8
ATGTCCACTGTGAGGGGGGGACCTCTAGCCTCAGCGGGGCCCGTCACGAGTTCAAGGGCGGTCGGCCTGTCCACTGTGAGTGCTAACCATGACCATGACCCCAGTCAGGGCAAACGCCAACTCTGGGTGAGCAGCAAGTTGGAGGCGAGGGAAGGGATCACGACCCCACCAGATACTAAGGTATGGAGGAAACAGCTTGGGGTGACACCCCACTGTGGGAGCTCAGGAGGATGTGGGTCCGAGTCCTGGCTCACCACAGACCAGCTGTGA,270,31124,31394,60.7
ATGTCCCCCTCCTGCCCTCCCCATTGCTCTCTTTGCCAGGAACATTCCAGCATCTCCTTTCCCCAGTTCACCTTGTCTGTTCCCCCAGACTCATTTCAAACAGCACTCCCCTCCACAGGGCCCGTCACTGCCCAGCTGGGAAGAGGCCTTTGCTCTGAGTCCCAAAGAGCCACAGGAGGGTGCCACCCGAACTCAGGGATGGGCTGGGTCTCTAGACACCCTTCTGCTTGTCTGTTTGCTCTACTAGAATGGGGACCTCCTGGGGCCTGA,270,33272,33542,58.1
ATGCTTGTGTGAGACCTGGTGAGTCTCAGCACCAGGTATCGCCGCAATAATCACCCCCATGTTCTTTGCAGGCCCTGTGCAGGGCTCCGGGCTGAGGTGGGGGCTCTGGGGCTGGTGTCTGTGCCTCAGGCACTGGAGAACCGCCCGGGACATGGGAAGATCCCAGGAGCGGCTGTACCTCCTCTACCCAAGCCTGGCCCCAAGGGGAGGAGGAGACGTGTTCTTTCCTCTGTGAGAGTTTATCTTATGAGACGTCTTAATCATACCTAA,270,47351,47621,57.8
ATGAGCTCCGCTGAAATGAGCCAATCAAAACAGCCTCTGAGTGGCTCCCGCGCAGCCAGGTGTGGGGTGTGGAGGCGGGGCAGGTGCCGGCTGGCAGGGCCGCCTGGTCTGCTCTCGGTACGATTTCTGGGACAGGATCTGGGTGGCCGGGGGTCCCTGTCCATTCCTCGGGCCCTGCCAGCAGTCTGTCCCCAGGCACCACACTGGGGAAGCCCAGCTATGACGGGGTGGCCCAGAGGACGATGCCAGCAGTTTGAACCATCCCCTGAGGAGTGA,276,32841,33117,64.9
ATGAGAGAGACTCAGAGGGAGCCATCCCCAGGGCCTTTGGAGGAGGGATGGGCCTGCCCACAATTTGACTTCAGATCTCAGGCTTCCAGAACTGTGAGACAACACCTGTTGTTTCAAGCCAAACAATTGAGTTATGTTGTTACTGCATTTAGGGAACTCATCAAGAAGTATAACTGGGCTGTGGGTGTTGAGGCTTTCCCACCCCTGGACCAGACAGTGGAGTTAACTGGGCTTCCAAATGCCCTGCCTTGCTTCAGCCAGTTTAAAGTGGGTCATGGTGAATTGTGA,288,37532,37820,49.7
ATGTTCTAGAGTCCTGCGGATAACCAGGGCCTGTGTAGATGCCATGGAGCCCCACAATCCTTTGTGGGGCTGGTGGGGCAGGAGGCACAGGGAAAGACCCTCCCAGGAGAGACCCCAACCCCATCCCTGGACTCTGCAAGCTTCTCTGATGGTGATGGTGTGTCTAGGGGATGGGATCATCGTACTGAACCCTCAGAAAAGAAAGAGACATCAGCCCAGGAGCCCTTTGCATCCTCAGGGGAAGCCTTCCTGATATGGGCTTCTGGACGGAGGTGTGCTCCTGACTGTTTCTGA,294,35489,35783,56.1
ATGAGAGCTGTGGGGGATGCTTCTACAGGTGCAGTGGCCCTCTTCCCCTTCCTCCTGATTTCCTGCTCCCCCTTCCCATCAGCCATGGCCATGCATCTGCCAGCAGCTGGACACTGGGCAGAAGCAGTGGATTCCACCTCCGGGCCTGGCCAACCAAACCCTCTCAGAGGACACCCCCATGGGCTTTTCTGTTTTGGTGGCAGGGATGGAGATGGCCTTCTGGGTGACCTTGGGAAAAGCCACACATGGAAGGAGTGTGGGCCCATGGATCAATGTCTTGGAAAACCCTGGAACAGTAACTCCTAG,306,23951,24257,57.2
